player,player_id,position,player_game_count,team_name,targets,receptions,drops,catchable,drop_rate
Leonte Carroo,10720,WR,7,MIA,6,3,0,3,0.0
Patrick DiMarco,6997,FB,16,ATL,10,7,0,7,0.0
Tony Washington,9018,WR,2,JAX,1,1,0,1,0.0
Je'Ron Hamm,8981,TE,3,SF,4,2,0,2,0.0
Kapri Bibbs,8906,HB,8,DEN,3,2,0,2,0.0
Isaiah Pead,7053,HB,2,MIA,1,1,0,1,0.0
Jay Prosch,8845,FB,14,HST,1,1,0,1,0.0
Alfred Blue,8816,HB,13,HST,14,12,0,12,0.0
Russell Wilson,7077,QB,2,SEA,1,1,0,1,0.0
Jared Abbrederis,8811,WR,3,GB,2,1,0,1,0.0
Lamar Miller,7097,HB,14,HST,36,31,0,31,0.0
Lorenzo Taliaferro,8773,HB,1,BLT,3,3,0,3,0.0
Crockett Gillmore,8734,TE,7,BLT,14,8,0,8,0.0
Rhett Ellison,7128,TE,15,MIN,11,9,0,9,0.0
Alfred Morris,7165,HB,13,DAL,5,3,0,3,0.0
Cody Latimer,8691,WR,11,DEN,14,8,0,8,0.0
Jeremy Hill,8690,HB,15,CIN,25,21,0,21,0.0
Jace Amaro,8684,TE,2,TEN,4,3,0,3,0.0
Griff Whalen,7351,WR,7,NE,4,2,0,2,0.0
Derek Carrier,7406,TE,7,WAS,2,2,0,2,0.0
Taylor Lewan,8646,T,4,TEN,1,1,0,1,0.0
Blake Bortles,8638,QB,1,JAX,1,1,0,1,0.0
Ifeanyi Momah,8557,TE,4,ARZ,3,2,0,2,0.0
Jaron Brown,8128,WR,6,ARZ,24,11,0,11,0.0
Rashad Ross,8061,WR,4,WAS,1,1,0,1,0.0
Bobby Rainey Jr.,7511,HB,11,NYG,23,20,0,20,0.0
Kerwynn Williams,8013,HB,4,ARZ,2,1,0,1,0.0
Sean McGrath,7515,TE,14,SD,2,2,0,2,0.0
Brenton Bersin,7516,WR,6,CAR,6,2,0,2,0.0
Jamize Olawale,7572,FB,16,OAK,14,12,0,12,0.0
Nick Williams,8005,WR,2,ATL,6,5,0,5,0.0
Cobi Hamilton,7978,WR,11,PIT,28,17,0,17,0.0
Rex Burkhead,7971,HB,9,CIN,19,16,0,16,0.0
Mike James,7970,HB,3,TB,4,4,0,4,0.0
Andre Ellington,7968,HB,16,ARZ,16,12,0,12,0.0
Mike Gillislee,7946,HB,15,BUF,11,9,0,9,0.0
Tavarres King,7943,WR,5,NYG,4,2,0,2,0.0
Luke Willson,7940,TE,11,SEA,19,15,0,15,0.0
Gavin Escobar,7828,TE,13,DAL,6,4,0,4,0.0
Levine Toilolo,7915,TE,16,ATL,17,13,0,13,0.0
Eddie Lacy,7842,HB,5,GB,6,4,0,4,0.0
Matt Barkley,7880,QB,1,CHI,1,1,0,1,0.0
Keenan Allen,7857,WR,1,SD,7,6,0,6,0.0
Johnny Holton,11354,WR,9,OAK,3,2,0,2,0.0
Ben Braunecker,11335,TE,8,CHI,6,4,0,4,0.0
Bryce Treggs,11278,WR,8,PHI,12,3,0,3,0.0
Paul McRoberts,11192,WR,2,LA,1,1,0,1,0.0
Wendall Williams,11174,WR,2,HST,7,4,0,4,0.0
Geronimo Allison,11141,WR,10,GB,20,12,0,12,0.0
Reggie Bush,2947,HB,10,BUF,10,7,0,7,0.0
Cole Wick,11139,TE,4,DET,3,2,0,2,0.0
Alex Erickson,11107,WR,11,CIN,8,6,0,6,0.0
Marcedes Lewis,2973,TE,10,JAX,28,20,0,20,0.0
Anthony Fasano,2998,TE,16,TEN,12,8,0,8,0.0
Byron Marshall,11076,HB,2,PHI,4,3,0,3,0.0
Brandon Wilds,11057,HB,4,NYJ,2,2,0,2,0.0
Donald Penn,3459,T,1,OAK,1,1,0,1,0.0
J.D. McKissic,11047,WR,1,SEA,2,2,0,2,0.0
Maurice Harris,11035,WR,10,WAS,11,8,0,8,0.0
Henry Krieger-Coble,11020,TE,2,DEN,1,1,0,1,0.0
Bralon Addison,11013,WR,2,CHI,1,1,0,1,0.0
Alan Cross,10931,TE,13,TB,7,6,0,6,0.0
Derek Watt,10832,FB,11,SD,4,4,0,4,0.0
David Morgan,10822,TE,4,MIN,1,1,0,1,0.0
Jerell Adams,10818,TE,12,NYG,20,16,0,16,0.0
Jamaal Charles,4387,HB,3,KC,3,2,0,2,0.0
Harry Douglas,4398,WR,10,TEN,21,15,0,15,0.0
Jacob Tamme,4441,TE,8,ATL,29,21,0,21,0.0
Andy Janovich,10810,FB,10,DEN,6,5,0,5,0.0
Rashard Higgins,10806,WR,15,CLV,12,6,0,6,0.0
Tim Hightower,4463,HB,14,NO,23,22,0,22,0.0
Alex Collins,10805,HB,8,SEA,10,10,0,10,0.0
Jonathan Williams,10790,HB,8,BUF,2,1,0,1,0.0
Jordan Payton,10788,WR,4,CLV,2,1,0,1,0.0
Matthew Mulligan,4701,TE,7,DET,1,1,0,1,0.0
Marcel Reece,4702,FB,4,SEA,5,5,0,5,0.0
Danny Amendola,4717,WR,12,NE,28,23,0,23,0.0
Seth DeValve,10772,TE,11,CLV,12,10,0,10,0.0
Danny Woodhead,4914,HB,2,SD,6,6,0,6,0.0
Brandon Williams,7876,TE,14,SEA,2,2,0,2,0.0
Laquon Treadwell,10657,WR,7,MIN,3,1,0,1,0.0
Percy Harvin,4945,WR,2,BUF,3,2,0,2,0.0
Josh Doctson,10656,WR,2,WAS,6,2,0,2,0.0
Roosevelt Nix,10269,FB,7,PIT,2,2,0,2,0.0
Chris Manhertz,10211,TE,5,CAR,1,1,0,1,0.0
Mack Brown,10115,HB,1,WAS,1,1,0,1,0.0
Quinton Dunbar,10073,CB,1,WAS,1,1,0,1,0.0
John Phillips,5132,TE,16,NO,13,10,0,10,0.0
Rod Smith,9996,HB,2,DAL,1,1,0,1,0.0
David Johnson,5165,TE,16,PIT,9,7,0,7,0.0
Damiere Byrd,9964,WR,1,CAR,1,1,0,1,0.0
Malcolm Brown,9902,HB,6,LA,3,3,0,3,0.0
Terrell Watson,9889,HB,1,PHI,1,1,0,1,0.0
Matt Lengel,9884,TE,6,NE,3,2,0,2,0.0
Lucky Whitehead,9853,WR,13,DAL,3,3,0,3,0.0
Akeem Hunt,9839,HB,8,HST,3,3,0,3,0.0
Connor Hamlett,9828,TE,3,CLV,1,1,0,1,0.0
Corey Grant,9827,HB,6,JAX,4,4,0,4,0.0
Paul Lasike,9802,FB,8,CHI,1,1,0,1,0.0
Shane Wynn,9780,WR,4,JAX,2,1,0,1,0.0
Zach Zenner,9761,HB,10,DET,21,18,0,18,0.0
Quan Bray,9700,WR,3,IND,4,3,0,3,0.0
Gerald Christian,9689,TE,2,BUF,2,1,0,1,0.0
Geoff Swaim,9679,TE,9,DAL,7,6,0,6,0.0
Marcus Murphy,9663,HB,1,NO,1,1,0,1,0.0
Aaron Ripkowski,9639,FB,14,GB,10,9,0,9,0.0
Clay Harbor,5648,TE,9,DET,3,3,0,3,0.0
Malcolm Johnson,9628,FB,6,CLV,7,5,0,5,0.0
Joe Webb III,5722,QB,2,CAR,3,1,0,1,0.0
Keith Mumphery,9608,WR,10,HST,12,10,0,10,0.0
Joique Bell,5797,HB,2,DET,1,1,0,1,0.0
Cameron Artis-Payne,9607,HB,3,CAR,1,1,0,1,0.0
LeGarrette Blount,5863,HB,16,NE,7,7,0,7,0.0
James O'Shaughnessy,9606,TE,13,KC,2,2,0,2,0.0
Nick Boyle,9604,TE,6,BLT,6,6,0,6,0.0
James Develin,6142,FB,15,NE,5,3,0,3,0.0
MyCole Pruitt,9576,TE,4,CHI,2,2,0,2,0.0
Rashad Greene Sr.,9572,WR,6,JAX,8,5,0,5,0.0
DeAndre Smelter,9565,WR,2,SF,1,1,0,1,0.0
Javorius Allen,9558,HB,3,BLT,3,3,0,3,0.0
Jalston Fowler,9541,FB,13,TEN,1,1,0,1,0.0
Justin Hardy,9540,WR,15,ATL,30,21,0,21,0.0
Randall Cobb,6216,WR,13,GB,80,60,0,60,0.0
Matt Jones,9528,HB,7,WAS,8,8,0,8,0.0
Luke Stocker,6256,TE,11,TB,7,5,0,5,0.0
Greg Salas,6264,WR,2,BUF,6,4,0,4,0.0
Jeff Heuerman,9525,TE,12,DEN,13,9,0,9,0.0
Taiwan Jones,6277,HB,6,OAK,4,4,0,4,0.0
Ameer Abdullah,9487,HB,2,DET,5,5,0,5,0.0
Jake Fisher,9486,T,4,CIN,1,1,0,1,0.0
Jacquizz Rodgers,6297,HB,10,TB,15,13,0,13,0.0
Niles Paul,6307,TE,8,WAS,2,2,0,2,0.0
Lee Smith,6311,TE,4,OAK,6,6,0,6,0.0
Keith Smith,9302,FB,13,DAL,3,3,0,3,0.0
Dwayne Harris,6328,WR,6,NYG,1,1,0,1,0.0
Aldrick Robinson,6330,WR,16,ATL,31,20,0,20,0.0
Freddie Martino,9292,WR,13,TB,10,8,0,8,0.0
Justin Perillo,9248,TE,8,GB,5,4,0,4,0.0
Fitzgerald Toussaint,9244,HB,7,PIT,3,3,0,3,0.0
Jeremy Ross,6476,WR,2,ARZ,4,4,0,4,0.0
DuJuan Harris,6595,HB,6,SF,9,8,0,8,0.0
Damien Williams,9205,HB,15,MIA,28,23,0,23,0.0
Troymaine Pope,11473,HB,3,SEA,2,1,0,1,0.0
D.J. Tialavea,9167,TE,2,ATL,1,1,0,1,0.0
Chase Reynolds,6892,HB,1,LA,1,1,0,1,0.0
Ryan Hewitt,9107,FB,14,CIN,3,2,0,2,0.0
Jeremy Butler,9080,WR,3,SD,2,2,0,2,0.0
Emmanuel Sanders,5606,WR,16,DEN,131,79,1,80,1.3
Pierre Garcon,4519,WR,16,WAS,110,79,1,80,1.3
Jordan Reed,7866,TE,12,WAS,85,66,1,67,1.5
Rishard Matthews,7211,WR,16,TEN,104,65,1,66,1.5
DeVante Parker,9447,WR,15,MIA,82,56,1,57,1.8
DeMarco Murray,6223,HB,16,TEN,64,53,1,54,1.9
Cordarrelle Patterson,7810,WR,16,MIN,64,52,1,53,1.9
Antonio Brown,5718,WR,15,PIT,151,106,2,108,1.9
LeSean McCoy,4976,HB,15,BUF,53,49,1,50,2.0
Mark Ingram II,6180,HB,16,NO,52,46,1,47,2.1
Zach Miller,5104,TE,10,CHI,61,46,1,47,2.1
Terrance Williams,7855,WR,16,DAL,61,44,1,45,2.2
Melvin Gordon III,9448,HB,13,SD,53,41,1,42,2.4
John Brown,8726,WR,15,ARZ,66,39,1,40,2.5
Greg Olsen,3647,TE,16,CAR,121,79,2,81,2.5
Zach Ertz,7816,TE,14,PHI,101,78,2,80,2.5
Chris Hogan,6468,WR,15,NE,54,38,1,39,2.6
Frank Gore,2282,HB,16,IND,44,38,1,39,2.6
Kyle Juszczyk,7912,FB,16,BLT,42,37,1,38,2.6
Cole Beasley,7330,WR,16,DAL,92,75,2,77,2.6
Taylor Gabriel,9002,WR,13,ATL,46,35,1,36,2.8
Terrance West,8729,HB,16,BLT,40,34,1,35,2.9
Eddie Royal,4356,WR,9,CHI,44,33,1,34,2.9
Spencer Ware,7975,HB,14,KC,42,33,1,34,2.9
Latavius Murray,7962,HB,14,OAK,37,32,1,33,3.0
Brandon LaFell,5602,WR,16,CIN,101,64,2,66,3.0
Ezekiel Elliott,10638,HB,15,DAL,37,32,1,33,3.0
Devontae Booker,10770,HB,16,DEN,37,31,1,32,3.1
Kelvin Benjamin,8663,WR,16,CAR,112,63,2,65,3.1
Mohamed Sanu,7084,WR,15,ATL,78,59,2,61,3.3
Cameron Brate,9207,TE,15,TB,78,57,2,59,3.4
Charcandrick West,9047,HB,15,KC,34,28,1,29,3.4
Martellus Bennett,4375,TE,16,NE,67,55,2,57,3.5
Carlos Hyde,8692,HB,13,SF,32,27,1,28,3.6
Larry Fitzgerald,1724,WR,16,ARZ,147,107,4,111,3.6
Corey Brown,8986,WR,16,CAR,45,27,1,28,3.6
Dion Sims,7888,TE,14,MIA,33,26,1,27,3.7
Dez Bryant,5549,WR,13,DAL,89,50,2,52,3.8
Rob Gronkowski,5567,TE,8,NE,36,25,1,26,3.8
T.J. Yeldon,9469,HB,15,JAX,59,49,2,51,3.9
Jordy Nelson,4350,WR,16,GB,146,97,4,101,4.0
Bryan Walters,6139,WR,10,JAX,31,24,1,25,4.0
Steve Smith,837,WR,14,BLT,102,70,3,73,4.1
Doug Baldwin,6615,WR,16,SEA,117,94,4,98,4.1
Adam Thielen,8288,WR,16,MIN,88,69,3,72,4.2
Jason Witten,1384,TE,16,DAL,91,69,3,72,4.2
Charles Sims,8704,HB,7,TB,28,23,1,24,4.2
Michael Thomas,10681,WR,15,NO,119,92,4,96,4.2
Russell Shepard,8254,WR,13,TB,39,23,1,24,4.2
Jamison Crowder,9538,WR,16,WAS,92,67,3,70,4.3
Christine Michael,7843,HB,15,GB,26,22,1,23,4.3
Deonte Thompson,7513,WR,13,CHI,36,22,1,23,4.3
Vernon Davis,2951,TE,16,WAS,59,44,2,46,4.3
Ty Montgomery,9527,HB,14,GB,49,44,2,46,4.3
Jerick McKinnon,8731,HB,15,MIN,51,43,2,45,4.4
Paul Richardson Jr.,8680,WR,15,SEA,32,21,1,22,4.5
Jordan Norwood,5358,WR,14,DEN,32,21,1,22,4.5
Jeremy Kerley,6305,WR,16,SF,108,64,3,67,4.5
Stefon Diggs,9579,WR,13,MIN,109,84,4,88,4.5
Amari Cooper,9437,WR,16,OAK,127,83,4,87,4.6
Tajae Sharpe,10774,WR,16,TEN,77,41,2,43,4.7
Jack Doyle,8520,TE,16,IND,72,59,3,62,4.8
Justin Forsett,4547,HB,9,DEN,26,20,1,21,4.8
David Johnson,9519,HB,16,ARZ,107,80,4,84,4.8
Charles Johnson,7998,WR,16,MIN,37,20,1,21,4.8
Bilal Powell,6278,HB,16,NYJ,69,58,3,61,4.9
Giovani Bernard,7818,HB,10,CIN,48,39,2,41,4.9
DeAndre Hopkins,7808,WR,16,HST,138,78,4,82,4.9
Brandin Cooks,8655,WR,16,NO,113,78,4,82,4.9
Kevin White,9440,WR,4,CHI,34,19,1,20,5.0
Ben Koyack,9662,TE,11,JAX,24,19,1,20,5.0
Chester Rogers,10918,WR,13,IND,31,19,1,20,5.0
Jarvis Landry,8698,WR,16,MIA,122,94,5,99,5.1
Adam Humphries,10075,WR,15,TB,77,55,3,58,5.2
Hunter Henry,10669,TE,15,SD,47,36,2,38,5.3
Tyler Boyd,10689,WR,16,CIN,76,54,3,57,5.3
Devonta Freeman,8738,HB,16,ATL,61,54,3,57,5.3
Ladarius Green,7110,TE,6,PIT,32,18,1,19,5.3
Dwayne Allen,7066,TE,14,IND,48,35,2,37,5.4
Duke Johnson Jr.,9510,HB,16,CLV,68,53,3,56,5.4
Rashad Jennings,5174,HB,13,NYG,41,35,2,37,5.4
Dennis Pitta,5638,TE,16,BLT,116,86,5,91,5.5
Dion Lewis,6301,HB,7,NE,22,17,1,18,5.6
Kenny Britt,4953,WR,15,LA,109,68,4,72,5.6
Cody Core,10833,WR,8,CIN,26,17,1,18,5.6
C.J. Prosise,10724,HB,6,SEA,18,17,1,18,5.6
DeAndre Washington,10777,HB,14,OAK,22,17,1,18,5.6
Robert Woods,7822,WR,13,BUF,71,51,3,54,5.6
Kyle Rudolph,6195,TE,16,MIN,120,83,5,88,5.7
Coby Fleener,7038,TE,16,NO,80,50,3,53,5.7
Andrew Hawkins,6125,WR,16,CLV,50,33,2,35,5.7
A.J. Green,6156,WR,10,CIN,95,66,4,70,5.7
Delanie Walker,3120,TE,15,TEN,96,65,4,69,5.8
Chris Thompson,7936,HB,16,WAS,59,49,3,52,5.8
Daniel Brown,10144,TE,6,CHI,20,16,1,17,5.9
Will Tye,10070,TE,16,NYG,68,48,3,51,5.9
Brice Butler,7991,WR,16,DAL,30,16,1,17,5.9
Jordan Taylor,9793,WR,16,DEN,24,16,1,17,5.9
Eli Rogers,9878,WR,13,PIT,65,48,3,51,5.9
Josh Huff,8721,WR,10,TB,21,16,1,17,5.9
John Kuhn,2686,FB,16,NO,17,16,1,17,5.9
A.J. Derby,9635,TE,7,DEN,19,16,1,17,5.9
Tyreek Hill,10799,WR,16,KC,81,61,4,65,6.2
Paul Perkins,10783,HB,13,NYG,20,15,1,16,6.3
Julius Thomas,6281,TE,9,JAX,47,30,2,32,6.3
Jared Cook,5012,TE,10,GB,49,30,2,32,6.3
Donte Moncrief,8725,WR,9,IND,54,30,2,32,6.3
Le'Veon Bell,7829,HB,12,PIT,88,75,5,80,6.3
James White,8765,HB,16,NE,76,60,4,64,6.3
Chris Conley,9509,WR,16,KC,65,44,3,47,6.4
Todd Gurley II,9443,HB,16,LA,55,43,3,46,6.5
Kamar Aiken,6671,WR,16,BLT,46,29,2,31,6.5
Dontrelle Inman,6597,WR,16,SD,89,58,4,62,6.5
Kendall Wright,7026,WR,11,TEN,41,29,2,31,6.5
Willie Snead IV,8999,WR,15,NO,96,72,5,77,6.5
Tyler Eifert,7802,TE,8,CIN,39,29,2,31,6.5
Travis Kelce,7844,TE,16,KC,114,85,6,91,6.6
Kenny Stills,7926,WR,16,MIA,75,42,3,45,6.7
Jaelen Strong,9503,WR,8,HST,23,14,1,15,6.7
Andre Holmes,6489,WR,16,OAK,23,14,1,15,6.7
MarQueis Gray,8286,TE,14,MIA,16,14,1,15,6.7
Julio Jones,6158,WR,14,ATL,125,83,6,89,6.7
Jalin Marshall,11259,WR,10,NYJ,21,14,1,15,6.7
Darren Fells,8549,TE,14,ARZ,17,14,1,15,6.7
Andre Roberts,5612,WR,16,DET,25,14,1,15,6.7
Mike Evans,8642,WR,16,TB,168,96,7,103,6.8
Jermaine Kearse,7428,WR,16,SEA,76,41,3,44,6.8
Tyler Lockett,9502,WR,15,SEA,62,41,3,44,6.8
Jay Ajayi,9582,HB,15,MIA,33,27,2,29,6.9
Anquan Boldin,1369,WR,16,DET,88,67,5,72,6.9
Gary Barnidge,4455,TE,16,CLV,75,53,4,57,7.0
Theo Riddick,7980,HB,10,DET,62,53,4,57,7.0
Darren Sproles,2347,HB,15,PHI,63,52,4,56,7.1
Golden Tate,5585,WR,16,DET,131,91,7,98,7.1
Ryan Mathews,5537,HB,13,PHI,14,13,1,14,7.1
Christopher Harper,9950,WR,9,SF,18,13,1,14,7.1
Brandon Coleman,9086,WR,16,NO,38,26,2,28,7.1
Thomas Rawls,9993,HB,9,SEA,17,13,1,14,7.1
Derrick Henry,10679,HB,15,TEN,14,13,1,14,7.1
Jonathan Grimes,7585,HB,9,HST,17,13,1,14,7.1
Kenneth Farrow,10988,HB,9,SD,15,13,1,14,7.1
Brent Celek,3778,TE,16,PHI,16,13,1,14,7.1
James Wright,8873,WR,12,CIN,19,13,1,14,7.1
Terrelle Pryor Sr.,6944,WR,16,CLV,132,77,6,83,7.2
Demaryius Thomas,5547,WR,16,DEN,141,90,7,97,7.2
Odell Beckham Jr.,8647,WR,16,NYG,161,101,8,109,7.3
Neal Sterling,9653,TE,6,JAX,16,12,1,13,7.7
Doug Martin,7035,HB,8,TB,14,12,1,13,7.7
T.Y. Hilton,7092,WR,16,IND,143,91,8,99,8.1
Stephen Anderson,11160,TE,13,HST,15,11,1,12,8.3
Cecil Shorts,6266,WR,9,TB,24,11,1,12,8.3
Jeff Janis,8870,WR,10,GB,17,11,1,12,8.3
Jarius Wright,7118,WR,8,MIN,14,11,1,12,8.3
Sterling Shepard,10674,WR,16,NYG,103,65,6,71,8.5
Jimmy Graham,5619,TE,16,SEA,93,65,6,71,8.5
Marqise Lee,8674,WR,16,JAX,101,63,6,69,8.7
Tevin Coleman,9506,HB,13,ATL,37,31,3,34,8.8
Alshon Jeffery,7048,WR,12,CHI,92,52,5,57,8.8
Jordan Matthews,8677,WR,14,PHI,109,73,7,80,8.8
Albert Wilson,8943,WR,16,KC,50,31,3,34,8.8
Mike Wallace,5007,WR,16,BLT,109,72,7,79,8.9
Tyler Kroft,9518,TE,14,CIN,12,10,1,11,9.1
Ryan Griffin,7982,TE,16,HST,72,50,5,55,9.1
Travaris Cadet,7457,HB,15,NO,50,40,4,44,9.1
Justin Hunter,7815,WR,13,BUF,23,10,1,11,9.1
Chris Ivory,6007,HB,11,JAX,26,20,2,22,9.1
Jesse James,9593,TE,16,PIT,57,39,4,43,9.3
Shaun Draughn,6440,HB,14,SF,37,29,3,32,9.4
Marquise Goodwin,7859,WR,15,BUF,63,29,3,32,9.4
Jalen Richard,11395,HB,16,OAK,39,29,3,32,9.4
James Starks,5716,HB,9,GB,24,19,2,21,9.5
Charone Peake,10875,WR,13,NYJ,33,19,2,21,9.5
Jeremy Langford,9539,HB,12,CHI,24,19,2,21,9.5
Travis Benjamin,7100,WR,14,SD,71,47,5,52,9.6
DeSean Jackson,4363,WR,15,WAS,89,56,6,62,9.7
Sammy Watkins,8639,WR,8,BUF,50,28,3,31,9.7
Quinton Patton,7910,WR,14,SF,59,37,4,41,9.8
Paul Turner,11082,WR,4,PHI,13,9,1,10,10.0
Ryan Grant,8777,WR,15,WAS,18,9,1,10,10.0
Andre Johnson,1319,WR,8,TEN,21,9,1,10,10.0
Kenyan Drake,10707,HB,12,MIA,10,9,1,10,10.0
Tanner McEvoy,11288,WR,11,SEA,11,9,1,10,10.0
Nick O'Leary,9627,TE,16,BUF,13,9,1,10,10.0
Eric Decker,5611,WR,3,NYJ,20,9,1,10,10.0
Rod Streater,7416,WR,16,SF,27,18,2,20,10.0
Trey Burton,9185,TE,15,PHI,57,36,4,40,10.0
C.J. Fiedorowicz,8700,TE,15,HST,82,54,6,60,10.0
Mychal Rivera,7965,TE,13,OAK,24,18,2,20,10.0
Eric Ebron,8645,TE,13,DET,85,61,7,68,10.3
Robert Turbin,7106,HB,15,IND,33,26,3,29,10.3
Brandon Marshall,3064,WR,15,NYJ,121,59,7,66,10.6
Davante Adams,8688,WR,16,GB,118,75,9,84,10.7
Cameron Meredith,10008,WR,14,CHI,95,66,8,74,10.8
Phillip Dorsett,9462,WR,15,IND,56,33,4,37,10.8
Corey Coleman,10649,WR,10,CLV,62,33,4,37,10.8
Charles Clay,6326,TE,15,BUF,81,57,7,64,10.9
Brian Quick,7037,WR,16,LA,75,41,5,46,10.9
Julian Edelman,5156,WR,16,NE,146,98,12,110,10.9
Allen Robinson II,8696,WR,16,JAX,144,73,9,82,11.0
C.J. Anderson,8101,HB,7,DEN,20,16,2,18,11.1
Vance McDonald,7836,TE,11,SF,43,24,3,27,11.1
Jordan Cameron,6254,TE,3,MIA,11,8,1,9,11.1
Brittan Golden,7481,WR,8,ARZ,14,8,1,9,11.1
Malcolm Mitchell,10746,WR,14,NE,45,32,4,36,11.1
Benny Cunningham,8283,HB,11,LA,20,16,2,18,11.1
Lance Dunbar,7332,HB,13,DAL,22,16,2,18,11.1
Will Fuller V,10655,WR,14,HST,87,47,6,53,11.3
Marvin Jones Jr.,7158,WR,15,DET,101,55,7,62,11.3
Isaiah Crowell,9295,HB,16,CLV,46,39,5,44,11.4
Victor Cruz,5827,WR,15,NYG,68,39,5,44,11.4
Ted Ginn Jr.,3625,WR,16,CAR,89,54,7,61,11.5
Tyrell Williams,10154,WR,16,SD,111,69,9,78,11.5
Antonio Gates,1609,TE,14,SD,85,53,7,60,11.7
Kenneth Dixon,10768,HB,12,BLT,40,30,4,34,11.8
Erik Swoope,9303,TE,16,IND,21,15,2,17,11.8
Josh Hill,8200,TE,9,NO,19,15,2,17,11.8
Matt Forte,4358,HB,14,NYJ,37,30,4,34,11.8
Braxton Miller,10719,WR,10,HST,27,15,2,17,11.8
Larry Donnell,7638,TE,8,NYG,21,15,2,17,11.8
Michael Floyd,7019,WR,15,NE,72,37,5,42,11.9
Jermaine Gresham,5546,TE,16,ARZ,58,37,5,42,11.9
Jeremy Maclin,4942,WR,12,KC,72,44,6,50,12.0
Richard Rodgers,8733,TE,16,GB,42,29,4,33,12.1
Lance Kendricks,6199,TE,16,LA,74,50,7,57,12.3
De'Anthony Thomas,8759,WR,10,KC,9,7,1,8,12.5
Brandon Myers,5126,TE,16,TB,14,7,1,8,12.5
Aaron Burbridge,10847,WR,14,SF,14,7,1,8,12.5
Ronnie Hillman,7069,HB,8,SD,11,7,1,8,12.5
Pharoh Cooper,10751,WR,10,LA,19,14,2,16,12.5
Dexter McCluster,5561,HB,6,SD,10,7,1,8,12.5
Dominique Jones,6988,TE,8,MIA,10,7,1,8,12.5
Tommylee Lewis,11231,WR,10,NO,9,7,1,8,12.5
Robby Anderson,11254,WR,16,NYJ,75,42,6,48,12.5
Virgil Green,6356,TE,12,DEN,33,21,3,24,12.5
Michael Crabtree,4933,WR,16,OAK,142,89,13,102,12.7
Josh Ferguson,10907,HB,9,IND,25,20,3,23,13.0
Clive Walford,9501,TE,15,OAK,49,33,5,38,13.2
Breshad Perriman,9459,WR,16,BLT,64,33,5,38,13.2
Austin Seferian-Jenkins,8673,TE,9,NYJ,21,13,2,15,13.3
Tavon Austin,7789,WR,15,LA,101,58,9,67,13.4
Matt Asiata,6432,HB,16,MIN,38,32,5,37,13.5
Austin Hooper,10715,TE,14,ATL,25,19,3,22,13.6
C.J. Uzomah,9590,TE,10,CIN,37,25,4,29,13.8
Fozzy Whittaker,8547,HB,16,CAR,31,25,4,29,13.8
Arian Foster,5398,HB,4,MIA,9,6,1,7,14.3
Dorial Green-Beckham,9473,WR,15,PHI,67,36,6,42,14.3
Antone Smith,5440,HB,3,TB,9,6,1,7,14.3
Ricardo Louis,10748,WR,14,CLV,32,18,3,21,14.3
Wendell Smallwood,10787,HB,10,PHI,12,6,1,7,14.3
De'Marcus Ayers,10863,WR,2,PIT,12,6,1,7,14.3
DeAngelo Williams,2972,HB,8,PIT,26,18,3,21,14.3
J.J. Nelson,9592,WR,15,ARZ,67,34,6,40,15.0
Xavier Grimble,9092,TE,11,PIT,21,11,2,13,15.4
Bennie Fowler,8914,WR,13,DEN,21,11,2,13,15.4
Nelson Agholor,9453,WR,15,PHI,62,36,7,43,16.3
Knile Davis,7878,HB,7,KC,7,5,1,6,16.7
Allen Hurns,8931,WR,11,JAX,67,35,7,42,16.7
Dwayne Washington,10870,HB,10,DET,13,10,2,12,16.7
Vincent Jackson,2278,WR,5,TB,30,15,3,18,16.7
Darren Waller,9637,TE,12,BLT,15,10,2,12,16.7
Peyton Barber,10927,HB,9,TB,6,5,1,6,16.7
Quincy Enunwa,8843,WR,16,NYJ,99,58,12,70,17.1
Garrett Celek,7274,TE,16,SF,47,29,6,35,17.1
Walter Powell,8831,WR,9,BUF,23,14,3,17,17.6
Marquess Wilson,8019,WR,3,CHI,16,9,2,11,18.2
Seth Roberts,9079,WR,16,OAK,75,38,9,47,19.1
Brandon Tate,5006,WR,11,BUF,11,8,2,10,20.0
Anthony Sherman,6288,FB,14,KC,6,4,1,5,20.0
Danny Vitale,10831,FB,9,CLV,5,4,1,5,20.0
Brandon Bostick,7605,TE,15,NYJ,10,8,2,10,20.0
Markus Wheaton,7860,WR,3,PIT,9,4,1,5,20.0
Phillip Supernaw,7324,TE,15,TEN,5,4,1,5,20.0
Devin Funchess,9474,WR,15,CAR,54,23,6,29,20.7
Josh Bellamy,7472,WR,12,CHI,38,19,5,24,20.8
Tyler Higbee,10744,TE,16,LA,26,11,3,14,21.4
Shane Vereen,6208,HB,5,NYG,19,11,3,14,21.4
Jordan Howard,10784,HB,15,CHI,46,29,8,37,21.6
Chris Moore,10741,WR,11,BLT,16,7,2,9,22.2
Roger Lewis Jr.,11246,WR,11,NYG,19,7,2,9,22.2
Torrey Smith,6210,WR,12,SF,45,20,6,26,23.1
Mike Tolbert,4740,FB,16,CAR,15,10,3,13,23.1
Ed Dickson,5595,TE,16,CAR,17,10,3,13,23.1
Bradley Marquez,9914,WR,11,LA,7,3,1,4,25.0
Nick Vannett,10728,TE,9,SEA,4,3,1,4,25.0
Darrius Heyward-Bey,4930,WR,9,PIT,19,6,2,8,25.0
Alex Ellis,11326,TE,6,JAX,4,3,1,4,25.0
Sammie Coates,9520,WR,14,PIT,49,21,7,28,25.0
Denard Robinson,7917,HB,6,JAX,5,3,1,4,25.0
Jerome Felton,4460,FB,13,BUF,9,6,2,8,25.0
Tyler Ervin,10753,HB,5,HST,5,3,1,4,25.0
Rob Kelley,11090,HB,12,WAS,17,12,4,16,25.0
Joshua Perkins,11051,TE,8,ATL,5,3,1,4,25.0
Adrian Peterson,3623,HB,3,MIN,4,3,1,4,25.0
Demetrius Harris,8524,TE,16,KC,30,17,6,23,26.1
T.J. Jones,8824,WR,3,DET,13,5,2,7,28.6
Arrelious Benn,5564,WR,12,JAX,10,5,2,7,28.6
Ka'Deem Carey,8752,HB,11,CHI,7,5,2,7,28.6
Kenjon Barner,7963,HB,12,PHI,8,5,2,7,28.6
Jonathan Stewart,4327,HB,13,CAR,16,8,4,12,33.3
Orleans Darkwa,9173,HB,4,NYG,4,2,1,3,33.3
Daniel Lasco,10871,HB,5,NO,4,2,1,3,33.3
Blake Bell,9550,TE,12,SF,8,4,2,6,33.3
Mike Thomas,10840,WR,14,LA,9,3,2,5,40.0
Darren McFadden,4318,HB,3,DAL,5,3,2,5,40.0
Ross Travis,10320,TE,6,KC,5,3,2,5,40.0
Mike Davis,9559,HB,5,SF,5,3,2,5,40.0
Logan Paulsen,5795,TE,15,CHI,7,3,2,5,40.0
Trevor Davis,10797,WR,9,GB,6,3,2,5,40.0
C.J. Spiller,5534,HB,6,NYJ,12,6,5,11,45.5
Devin Smith,9470,WR,3,NYJ,3,1,1,2,50.0
Brandon Bolden,7469,HB,3,NE,4,2,2,4,50.0
D.J. Foster,11214,HB,2,NE,2,1,1,2,50.0
Randall Telfer,9631,TE,13,CLV,6,1,1,2,50.0
Terron Ward,9778,HB,5,ATL,2,1,1,2,50.0
George Farmer,9842,HB,2,SEA,3,1,1,2,50.0
Troy Niklas,8687,TE,3,ARZ,2,1,1,2,50.0
Devin Street,8781,WR,4,IND,6,1,1,2,50.0
Hakeem Valles,10960,TE,7,ARZ,1,0,1,1,100.0
Andre Williams,8748,HB,1,SD,2,0,2,2,100.0
Kalif Raymond,11028,WR,2,DEN,2,0,1,1,100.0
Michael Campanaro,8852,WR,3,BLT,1,0,1,1,100.0
Jakeem Grant,10820,WR,2,MIA,1,0,1,1,100.0
Alex Lewis,10764,G,1,BLT,1,0,1,1,100.0
Braedon Bowman,10904,TE,1,NYJ,1,0,1,1,100.0
Cedric Peerman,5109,HB,2,CIN,1,0,1,1,100.0
Geremy Davis,9619,WR,2,SD,1,0,0,0,
Michael Burton,9601,FB,8,DET,1,0,0,0,
Daniel Braverman,10864,WR,3,CHI,2,0,0,0,
Juwan Thompson,8955,HB,3,DEN,1,0,0,0,
Kellen Davis,4472,TE,8,NYJ,1,0,0,0,
Isaiah Burse,9300,WR,4,SD,3,0,0,0,
Marcus Mariota,9435,QB,1,TEN,1,0,0,0,
Zach Line,8420,FB,12,MIN,1,0,0,0,
Will Tukuafu,7764,FB,3,SEA,1,0,0,0,
Chris Johnson,4338,HB,3,ARZ,1,0,0,0,
Matthew Slater,4467,WR,3,NE,1,0,0,0,
Khari Lee,10018,TE,7,DET,1,0,0,0,
